{
  "train_perplexity": [
    2138.5135818971435,
    2122.553135901974,
    2097.2630683458824,
    2058.3505941298663,
    2000.3294216036154,
    1917.4170376089146,
    1805.935989493155,
    1668.1437977425555,
    1515.1884708401592,
    1364.7553028624868,
    1232.9626601556963,
    1127.3985441381994,
    1046.9317550027833,
    986.3448281232431,
    940.453181196717,
    905.4754460949181,
    878.6887254652628,
    857.9186941200951,
    841.4610387220852,
    828.1716069880887,
    817.3998961114125,
    808.6163086084105,
    801.3458369458832,
    795.2348610647665,
    790.069669781651,
    785.6862694242594,
    781.9220203126538,
    778.6382759588129,
    775.7571693016502,
    773.2473131278318,
    771.070389467603,
    769.1719840834186,
    767.5028180073425,
    766.0361059919016,
    764.7547864141428,
    763.6344432100308,
    762.6448133436563,
    761.7514474982924,
    760.9313870477782,
    760.1832288835033,
    759.5137122764463,
    758.9207088525795,
    758.3905976498003,
    757.9187896708668,
    757.4991960080671,
    757.1180899107928,
    756.7659475927105,
    756.4381907782082,
    756.134103496295,
    755.8553237154314,
    755.6041882597762,
    755.38229303995,
    755.1892444190294,
    755.021910912338,
    754.8749742748913,
    754.7425219094832,
    754.6198255833973,
    754.5040383562714,
    754.3921995456457,
    754.2791923182573,
    754.1572472259459,
    754.0157830578071,
    753.8417452115523,
    753.638820425465,
    753.4423516306483,
    753.2695716505006,
    753.1245617855551,
    752.9931110621089,
    752.8512062441282,
    752.7109237893119,
    752.5975649094496,
    752.5117046799915,
    752.4465348596146,
    752.3978591157984,
    752.3595322923475,
    752.3149532129095,
    752.1776088694866,
    751.9635159627894,
    751.8389915804253,
    751.8039261618867,
    751.7706409728966,
    751.7208284407394,
    751.6656414207791,
    751.6099539968678,
    751.5558234609089,
    751.4991166075285,
    751.4352803869555,
    751.3656025768032,
    751.2908544789473,
    751.2048548853883,
    751.1064328517946,
    751.0011633043847,
    750.8973828073587,
    750.8142370981433,
    750.7463351083177,
    750.6694956750698,
    750.5553067981463,
    750.4550560588481,
    750.3959209064619,
    750.3458331906377
  ],
  "val_perplexity": [
    8949.739519751714,
    8930.119214439195,
    8896.51754919132,
    8840.413675193575,
    8749.588994062833,
    8608.422043940423,
    8401.73146610041,
    8123.755477433901,
    7789.165753518779,
    7435.173343510134,
    7105.9381576432215,
    6830.53414214176,
    6615.244121946037,
    6451.906044542739,
    6328.5812682454825,
    6235.3329094640885,
    6164.954686903803,
    6111.6324456317025,
    6070.727574179398,
    6039.037585482769,
    6014.551909461961,
    5995.50245105845,
    5980.44839734618,
    5968.249896653981,
    5958.108027051366,
    5949.521222578253,
    5942.175574445885,
    5935.886488696357,
    5930.459180287852,
    5925.685170003679,
    5921.387241126517,
    5917.4324587357005,
    5913.74442626777,
    5910.326191628274,
    5907.245705537328,
    5904.530616674487,
    5902.178274331477,
    5900.168774187442,
    5898.4626696445275,
    5896.990725699331,
    5895.661416324925,
    5894.411624260242,
    5893.212340151924,
    5892.055344448371,
    5890.948107440824,
    5889.874011589166,
    5888.807542970714,
    5887.730579659535,
    5886.634380879816,
    5885.515763160586,
    5884.37547166148,
    5883.219635300209,
    5882.058145617393,
    5880.89970523517,
    5879.750430958345,
    5878.619661640455,
    5877.529293843283,
    5876.512320908331,
    5875.598978937655,
    5874.803131322707,
    5874.11519744931,
    5873.5164066714415,
    5872.999962259485,
    5872.553658305913,
    5872.141601561485,
    5871.731388749,
    5871.3204695861805,
    5870.906883672646,
    5870.483021883467,
    5869.993673273121,
    5869.447580590678,
    5868.942158269098,
    5868.482185531336,
    5868.0678561512605,
    5867.697169005779,
    5867.317975534097,
    5866.736883849058,
    5866.043668186387,
    5865.4010396724225,
    5864.852533994593,
    5864.413016350953,
    5864.011236779724,
    5863.600108677306,
    5863.2078623745265,
    5862.852185293332,
    5862.525248985257,
    5862.225189134214,
    5861.949121354106,
    5861.689780871459,
    5861.441967043751,
    5861.203399038286,
    5860.9621606010905,
    5860.710632297002,
    5860.475082171529,
    5860.27943356354,
    5860.120953257705,
    5859.988159152638,
    5859.894219098068,
    5859.819142408519,
    5859.724469746715
  ]
}